{"cameraMode":{"drawMode":0,"name":"Shaded","section":"Shading Mode"},"sceneLighting":true,"audioPlay":false,"sceneViewState":{"m_AlwaysRefresh":false,"showFog":true,"showSkybox":true,"showFlares":true,"showImageEffects":true,"showParticleSystems":true,"showVisualEffectGraphs":true,"m_FxEnabled":true},"in2DMode":false,"pivot":{"x":10.00424861907959,"y":3.8651883602142336,"z":-6.695971488952637},"rotation":{"x":0.038676660507917407,"y":-0.0158900897949934,"z":-0.0006159253534860909,"w":-0.9991275072097778},"size":0.7497210502624512,"orthographic":false}